album title,album number,track title,artist,songwriter,play length ,selection number on album,category,album cover image file name,cost price,list price,sale price,date entered in inventory,sold as individual track or part of album,removal status,removal date
Assume Form,1,Assume Form,James Blake,James Blake,4:49,1,Dubstep,https://www.google.com/search?q=James+Blake&tbm=isch&tbs=simg:CAQSmQEJ01WjZCSzhzoajQELEKjU2AQaBgg9CBUIAAwLELCMpwgaYgpgCAMSKK4ZrRm5DooZng6bDvcYtw6WDqkZojrLLbcvzjrDLZ465i-0L6gvoToaMH5r23XcvJQaIEZLzv-md28YYSS4YYm2x0eui0T0OGGAVEXnnD77T6QXbVr-YEZ7ZyAEDAsQjq7-CBoKCggIARIEvqERvQw&sa=X&ved=0ahUKEwjhz62--vffAhVFpFkKHZvVCAkQwg4IKygA&biw=1920&bih=938#imgrc=jE53TAp1w7AzxM:,1.29,1.29,N/A,1/18/2019,Album,0,N/A
Assume Form,1,Mile High,James Blake,James Blake,3:13,2,Dubstep,https://www.google.com/search?q=James+Blake&tbm=isch&tbs=simg:CAQSmQEJ01WjZCSzhzoajQELEKjU2AQaBgg9CBUIAAwLELCMpwgaYgpgCAMSKK4ZrRm5DooZng6bDvcYtw6WDqkZojrLLbcvzjrDLZ465i-0L6gvoToaMH5r23XcvJQaIEZLzv-md28YYSS4YYm2x0eui0T0OGGAVEXnnD77T6QXbVr-YEZ7ZyAEDAsQjq7-CBoKCggIARIEvqERvQw&sa=X&ved=0ahUKEwjhz62--vffAhVFpFkKHZvVCAkQwg4IKygA&biw=1920&bih=938#imgrc=jE53TAp1w7AzxM:,1.29,1.29,N/A,1/18/2019,Album,0,N/A
Assume Form,1,Tell Them,James Blake,James Blake,3:28,3,Dubstep,https://www.google.com/search?q=James+Blake&tbm=isch&tbs=simg:CAQSmQEJ01WjZCSzhzoajQELEKjU2AQaBgg9CBUIAAwLELCMpwgaYgpgCAMSKK4ZrRm5DooZng6bDvcYtw6WDqkZojrLLbcvzjrDLZ465i-0L6gvoToaMH5r23XcvJQaIEZLzv-md28YYSS4YYm2x0eui0T0OGGAVEXnnD77T6QXbVr-YEZ7ZyAEDAsQjq7-CBoKCggIARIEvqERvQw&sa=X&ved=0ahUKEwjhz62--vffAhVFpFkKHZvVCAkQwg4IKygA&biw=1920&bih=938#imgrc=jE53TAp1w7AzxM:,1.29,1.29,N/A,1/18/2019,Album,0,N/A
Assume Form,1,Into The Red,James Blake,James Blake,4:17,4,Dubstep,https://www.google.com/search?q=James+Blake&tbm=isch&tbs=simg:CAQSmQEJ01WjZCSzhzoajQELEKjU2AQaBgg9CBUIAAwLELCMpwgaYgpgCAMSKK4ZrRm5DooZng6bDvcYtw6WDqkZojrLLbcvzjrDLZ465i-0L6gvoToaMH5r23XcvJQaIEZLzv-md28YYSS4YYm2x0eui0T0OGGAVEXnnD77T6QXbVr-YEZ7ZyAEDAsQjq7-CBoKCggIARIEvqERvQw&sa=X&ved=0ahUKEwjhz62--vffAhVFpFkKHZvVCAkQwg4IKygA&biw=1920&bih=938#imgrc=jE53TAp1w7AzxM:,1.29,1.29,N/A,1/18/2019,Album,0,N/A
Assume Form,1,Barefoot In The Park,James Blake - ROSALIA,James Blake - ROSALIA,3:31,5,Dubstep,https://www.google.com/search?q=James+Blake&tbm=isch&tbs=simg:CAQSmQEJ01WjZCSzhzoajQELEKjU2AQaBgg9CBUIAAwLELCMpwgaYgpgCAMSKK4ZrRm5DooZng6bDvcYtw6WDqkZojrLLbcvzjrDLZ465i-0L6gvoToaMH5r23XcvJQaIEZLzv-md28YYSS4YYm2x0eui0T0OGGAVEXnnD77T6QXbVr-YEZ7ZyAEDAsQjq7-CBoKCggIARIEvqERvQw&sa=X&ved=0ahUKEwjhz62--vffAhVFpFkKHZvVCAkQwg4IKygA&biw=1920&bih=938#imgrc=jE53TAp1w7AzxM:,1.29,1.29,N/A,1/18/2019,Album,0,N/A
Native Tongue,2,Let It Happen,Switchfoot,Switchfoot,4:41,1,Alternative Rock,https://www.google.com/search?q=switchfoot+native+tongue+album&tbm=isch&tbs=simg:CAQSmQEJ4gZh1kb5Z9oajQELEKjU2AQaBggVCAMICwwLELCMpwgaYgpgCAMSKMgDmQqIFPEJohSECfoTgRKBCcwCqj3SPaQ6qz2gJNE9zC2jOuMtzi0aMCLixyLuouJJ3wuSgNpjIdjO2pHEXNpOioujFV0Vv1smXg2UnEQAnl9FjxSYRAduASAEDAsQjq7-CBoKCggIARIEnJqVdww&sa=X&ved=0ahUKEwiOhYXh_vffAhWT14MKHRywChsQwg4IKygA&biw=1920&bih=938#imgrc=gS-kMugPts563M:,1.29,1.29,N/A,1/4/2019,Album,0,N/A
Native Tongue,2,Native Tongue,Switchfoot,Switchfoot,4:38,2,Alternative Rock,https://www.google.com/search?q=switchfoot+native+tongue+album&tbm=isch&tbs=simg:CAQSmQEJ4gZh1kb5Z9oajQELEKjU2AQaBggVCAMICwwLELCMpwgaYgpgCAMSKMgDmQqIFPEJohSECfoTgRKBCcwCqj3SPaQ6qz2gJNE9zC2jOuMtzi0aMCLixyLuouJJ3wuSgNpjIdjO2pHEXNpOioujFV0Vv1smXg2UnEQAnl9FjxSYRAduASAEDAsQjq7-CBoKCggIARIEnJqVdww&sa=X&ved=0ahUKEwiOhYXh_vffAhWT14MKHRywChsQwg4IKygA&biw=1920&bih=938#imgrc=gS-kMugPts563M:,1.29,1.29,N/A,10/19/2018,Album,0,N/A
Native Tongue,2,All I need,Switchfoot,Switchfoot,3:08,3,Alternative Rock,https://www.google.com/search?q=switchfoot+native+tongue+album&tbm=isch&tbs=simg:CAQSmQEJ4gZh1kb5Z9oajQELEKjU2AQaBggVCAMICwwLELCMpwgaYgpgCAMSKMgDmQqIFPEJohSECfoTgRKBCcwCqj3SPaQ6qz2gJNE9zC2jOuMtzi0aMCLixyLuouJJ3wuSgNpjIdjO2pHEXNpOioujFV0Vv1smXg2UnEQAnl9FjxSYRAduASAEDAsQjq7-CBoKCggIARIEnJqVdww&sa=X&ved=0ahUKEwiOhYXh_vffAhWT14MKHRywChsQwg4IKygA&biw=1920&bih=938#imgrc=gS-kMugPts563M:,1.29,1.29,N/A,12/14/2018,Album,0,N/A
Native Tongue,2,Voices,Switchfoot,Switchfoot,2:58,4,Alternative Rock,https://www.google.com/search?q=switchfoot+native+tongue+album&tbm=isch&tbs=simg:CAQSmQEJ4gZh1kb5Z9oajQELEKjU2AQaBggVCAMICwwLELCMpwgaYgpgCAMSKMgDmQqIFPEJohSECfoTgRKBCcwCqj3SPaQ6qz2gJNE9zC2jOuMtzi0aMCLixyLuouJJ3wuSgNpjIdjO2pHEXNpOioujFV0Vv1smXg2UnEQAnl9FjxSYRAduASAEDAsQjq7-CBoKCggIARIEnJqVdww&sa=X&ved=0ahUKEwiOhYXh_vffAhWT14MKHRywChsQwg4IKygA&biw=1920&bih=938#imgrc=gS-kMugPts563M:,1.29,1.29,N/A,1/18/2019,Album,0,N/A
Native Tongue,2,Dig New Streams,Switchfoot,Switchfoot,3:45,5,Alternative Rock,https://www.google.com/search?q=switchfoot+native+tongue+album&tbm=isch&tbs=simg:CAQSmQEJ4gZh1kb5Z9oajQELEKjU2AQaBggVCAMICwwLELCMpwgaYgpgCAMSKMgDmQqIFPEJohSECfoTgRKBCcwCqj3SPaQ6qz2gJNE9zC2jOuMtzi0aMCLixyLuouJJ3wuSgNpjIdjO2pHEXNpOioujFV0Vv1smXg2UnEQAnl9FjxSYRAduASAEDAsQjq7-CBoKCggIARIEnJqVdww&sa=X&ved=0ahUKEwiOhYXh_vffAhWT14MKHRywChsQwg4IKygA&biw=1920&bih=938#imgrc=gS-kMugPts563M:,1.29,1.29,N/A,1/18/2019,Album,0,N/A
Aint Nothin to It,3,Ain't Nothin' to It,Cody Johnson,Cody Johnson,3:22,1,Country,https://www.google.com/search?q=cody+johnson+dear+rodeo&tbm=isch&tbs=simg:CAQSlwEJsmRQWaJPVIAaiwELEKjU2AQaBAhCCBUMCxCwjKcIGmIKYAgDEiiOD9sa4hqQDvEO8w6RDrkahBnoG-06xS21O6k66jq4O9ottzvgOqg6GjAtf-3ShlbqaLztR4Nht4SvcmmWpLxIQ_11JgpISn3cdJD6ObFfZOFe8mTKDHpPfuJQgBAwLEI6u_1ggaCgoICAESBMFG5bsM&sa=X&ved=0ahUKEwjv5YjwgfjfAhVM4YMKHXfoA-sQwg4IKygA&biw=1920&bih=938#imgrc=JUzfpXyN87902M:,1.29,1.29,N/A,1/18/2019,Album,0,N/A
Aint Nothin to It,3,Noise,Cody Johnson,Cody Johnson,3:09,2,Country,https://www.google.com/search?q=cody+johnson+dear+rodeo&tbm=isch&tbs=simg:CAQSlwEJsmRQWaJPVIAaiwELEKjU2AQaBAhCCBUMCxCwjKcIGmIKYAgDEiiOD9sa4hqQDvEO8w6RDrkahBnoG-06xS21O6k66jq4O9ottzvgOqg6GjAtf-3ShlbqaLztR4Nht4SvcmmWpLxIQ_11JgpISn3cdJD6ObFfZOFe8mTKDHpPfuJQgBAwLEI6u_1ggaCgoICAESBMFG5bsM&sa=X&ved=0ahUKEwjv5YjwgfjfAhVM4YMKHXfoA-sQwg4IKygA&biw=1920&bih=938#imgrc=JUzfpXyN87902M:https://www.google.com/search?q=cody+johnson+dear+rodeo&tbm=isch&tbs=simg:CAQSlwEJsmRQWaJPVIAaiwELEKjU2AQaBAhCCBUMCxCwjKcIGmIKYAgDEiiOD9sa4hqQDvEO8w6RDrkahBnoG-06xS21O6k66jq4O9ottzvgOqg6GjAtf-3ShlbqaLztR4Nht4SvcmmWpLxIQ_11JgpISn3cdJD6ObFfZOFe8mTKDHpPfuJQgBAwLEI6u_1ggaCgoICAESBMFG5bsM&sa=X&ved=0ahUKEwjv5YjwgfjfAhVM4YMKHXfoA-sQwg4IKygA&biw=1920&bih=938#imgrc=JUzfpXyN87902M:,1.29,1.29,N/A,1/18/2019,Album,0,N/A
Aint Nothin to It,3,Fenceposts,Cody Johnson,Cody Johnson,2:57,3,Country,https://www.google.com/search?q=cody+johnson+dear+rodeo&tbm=isch&tbs=simg:CAQSlwEJsmRQWaJPVIAaiwELEKjU2AQaBAhCCBUMCxCwjKcIGmIKYAgDEiiOD9sa4hqQDvEO8w6RDrkahBnoG-06xS21O6k66jq4O9ottzvgOqg6GjAtf-3ShlbqaLztR4Nht4SvcmmWpLxIQ_11JgpISn3cdJD6ObFfZOFe8mTKDHpPfuJQgBAwLEI6u_1ggaCgoICAESBMFG5bsM&sa=X&ved=0ahUKEwjv5YjwgfjfAhVM4YMKHXfoA-sQwg4IKygA&biw=1920&bih=938#imgrc=JUzfpXyN87902M:,1.29,1.29,N/A,1/18/2019,Album,0,N/A
Aint Nothin to It,3,Understand Why,Cody Johnson,Cody Johnson,3:10,4,Country,https://www.google.com/search?q=cody+johnson+dear+rodeo&tbm=isch&tbs=simg:CAQSlwEJsmRQWaJPVIAaiwELEKjU2AQaBAhCCBUMCxCwjKcIGmIKYAgDEiiOD9sa4hqQDvEO8w6RDrkahBnoG-06xS21O6k66jq4O9ottzvgOqg6GjAtf-3ShlbqaLztR4Nht4SvcmmWpLxIQ_11JgpISn3cdJD6ObFfZOFe8mTKDHpPfuJQgBAwLEI6u_1ggaCgoICAESBMFG5bsM&sa=X&ved=0ahUKEwjv5YjwgfjfAhVM4YMKHXfoA-sQwg4IKygA&biw=1920&bih=938#imgrc=JUzfpXyN87902M:,1.29,1.29,N/A,1/18/2019,Album,0,N/A
Aint Nothin to It,3,Long Haired Country Boy,Cody Johnson,Cody Johnson,4:17,5,Country,https://www.google.com/search?q=cody+johnson+dear+rodeo&tbm=isch&tbs=simg:CAQSlwEJsmRQWaJPVIAaiwELEKjU2AQaBAhCCBUMCxCwjKcIGmIKYAgDEiiOD9sa4hqQDvEO8w6RDrkahBnoG-06xS21O6k66jq4O9ottzvgOqg6GjAtf-3ShlbqaLztR4Nht4SvcmmWpLxIQ_11JgpISn3cdJD6ObFfZOFe8mTKDHpPfuJQgBAwLEI6u_1ggaCgoICAESBMFG5bsM&sa=X&ved=0ahUKEwjv5YjwgfjfAhVM4YMKHXfoA-sQwg4IKygA&biw=1920&bih=938#imgrc=JUzfpXyN87902M:,1.29,1.29,N/A,1/18/2019,Album,0,N/A
Mint,4,Learn To Live,Alice Merton,Alice Merton,3:56,1,Alternative Rock,https://www.google.com/search?q=Mint&tbm=isch&tbs=simg:CAQSmwEJBTWFni442WwajwELEKjU2AQaCAgXCD0IFQgADAsQsIynCBpiCmAIAxIoiBqHGuEO4w7iDowa7Br6BJgfjRryMfMlrTHzMZYxlTH4K_1EljTzVJRow-2tpun0gn4lPmUAr2wXcLVhluLz2orpGJ7m1TcmfOvrT72spBYR75zrrpD5xjTK5IAQMCxCOrv4IGgoKCAgBEgSfIZg3DA&sa=X&ved=0ahUKEwjZrfeAhPjfAhUowlkKHeFcArUQwg4IKygA&biw=1920&bih=938#imgrc=4Fh1ohAq0kFWkM:,0.99,0.99,N/A,1/18/2019,Album,0,N/A
Mint,4,2 Kids,Alice Merton,Alice Merton,3:31,2,Alternative Rock,https://www.google.com/search?q=Mint&tbm=isch&tbs=simg:CAQSmwEJBTWFni442WwajwELEKjU2AQaCAgXCD0IFQgADAsQsIynCBpiCmAIAxIoiBqHGuEO4w7iDowa7Br6BJgfjRryMfMlrTHzMZYxlTH4K_1EljTzVJRow-2tpun0gn4lPmUAr2wXcLVhluLz2orpGJ7m1TcmfOvrT72spBYR75zrrpD5xjTK5IAQMCxCOrv4IGgoKCAgBEgSfIZg3DA&sa=X&ved=0ahUKEwjZrfeAhPjfAhUowlkKHeFcArUQwg4IKygA&biw=1920&bih=938#imgrc=4Fh1ohAq0kFWkM:,0.99,0.99,N/A,1/18/2019,Album,0,N/A
Mint,4,No Roots,Alice Merton,Alice Merton,3:55,3,Alternative Rock,https://www.google.com/search?q=Mint&tbm=isch&tbs=simg:CAQSmwEJBTWFni442WwajwELEKjU2AQaCAgXCD0IFQgADAsQsIynCBpiCmAIAxIoiBqHGuEO4w7iDowa7Br6BJgfjRryMfMlrTHzMZYxlTH4K_1EljTzVJRow-2tpun0gn4lPmUAr2wXcLVhluLz2orpGJ7m1TcmfOvrT72spBYR75zrrpD5xjTK5IAQMCxCOrv4IGgoKCAgBEgSfIZg3DA&sa=X&ved=0ahUKEwjZrfeAhPjfAhUowlkKHeFcArUQwg4IKygA&biw=1920&bih=938#imgrc=4Fh1ohAq0kFWkM:,1.29,1.29,N/A,1/18/2019,Album,0,N/A
Mint,4,Funny Business,Alice Merton,Alice Merton,3:05,4,Alternative Rock,https://www.google.com/search?q=Mint&tbm=isch&tbs=simg:CAQSmwEJBTWFni442WwajwELEKjU2AQaCAgXCD0IFQgADAsQsIynCBpiCmAIAxIoiBqHGuEO4w7iDowa7Br6BJgfjRryMfMlrTHzMZYxlTH4K_1EljTzVJRow-2tpun0gn4lPmUAr2wXcLVhluLz2orpGJ7m1TcmfOvrT72spBYR75zrrpD5xjTK5IAQMCxCOrv4IGgoKCAgBEgSfIZg3DA&sa=X&ved=0ahUKEwjZrfeAhPjfAhUowlkKHeFcArUQwg4IKygA&biw=1920&bih=938#imgrc=4Fh1ohAq0kFWkM:,0.99,0.99,N/A,1/18/2019,Album,0,N/A
Mint,4,Homesick,Alice Merton,Alice Merton,3:16,5,Alternative Rock,https://www.google.com/search?q=Mint&tbm=isch&tbs=simg:CAQSmwEJBTWFni442WwajwELEKjU2AQaCAgXCD0IFQgADAsQsIynCBpiCmAIAxIoiBqHGuEO4w7iDowa7Br6BJgfjRryMfMlrTHzMZYxlTH4K_1EljTzVJRow-2tpun0gn4lPmUAr2wXcLVhluLz2orpGJ7m1TcmfOvrT72spBYR75zrrpD5xjTK5IAQMCxCOrv4IGgoKCAgBEgSfIZg3DA&sa=X&ved=0ahUKEwjZrfeAhPjfAhUowlkKHeFcArUQwg4IKygA&biw=1920&bih=938#imgrc=4Fh1ohAq0kFWkM:,0.99,0.99,N/A,1/18/2019,Album,0,N/A
Future Hndrxx Presents: The Wizrd,5,Never Stop,Future,Future,4:51,1,Rap,https://www.google.com/search?q=Future&tbm=isch&tbs=simg:CAQSmQEJA83DI4heqcAajQELEKjU2AQaBggVCAAICAwLELCMpwgaYgpgCAMSKLMO4RbiFq0RoBmfGfgL8Av3C-0LpDrzJLIt0z3xJM4t0j3UPfsthDgaMKiVMmrs_1yxnRLzNqINfJyMa2zQFbIfuRUOMKI6Vx5mWxfzK29yGamo-yyxPFRFVlSAEDAsQjq7-CBoKCggIARIEZAn_18ww&sa=X&ved=0ahUKEwiF3-LQhfjfAhXPx1kKHZNhCBAQwg4IKygA&biw=1920&bih=938#imgrc=g-LcJ_Pb_7JSrM:,1.29,1.29,N/A,1/18/2019,Album,0,N/A
Future Hndrxx Presents: The Wizrd,5,Jumpin on a Jet,Future,Future,2:17,2,Rap,https://www.google.com/search?q=Future&tbm=isch&tbs=simg:CAQSmQEJA83DI4heqcAajQELEKjU2AQaBggVCAAICAwLELCMpwgaYgpgCAMSKLMO4RbiFq0RoBmfGfgL8Av3C-0LpDrzJLIt0z3xJM4t0j3UPfsthDgaMKiVMmrs_1yxnRLzNqINfJyMa2zQFbIfuRUOMKI6Vx5mWxfzK29yGamo-yyxPFRFVlSAEDAsQjq7-CBoKCggIARIEZAn_18ww&sa=X&ved=0ahUKEwiF3-LQhfjfAhXPx1kKHZNhCBAQwg4IKygA&biw=1920&bih=938#imgrc=g-LcJ_Pb_7JSrM:,1.29,1.29,N/A,1/9/2019,Album,0,N/A
Future Hndrxx Presents: The Wizrd,5,Rocket Ship,Future,Future,1:56,3,Rap,https://www.google.com/search?q=Future&tbm=isch&tbs=simg:CAQSmQEJA83DI4heqcAajQELEKjU2AQaBggVCAAICAwLELCMpwgaYgpgCAMSKLMO4RbiFq0RoBmfGfgL8Av3C-0LpDrzJLIt0z3xJM4t0j3UPfsthDgaMKiVMmrs_1yxnRLzNqINfJyMa2zQFbIfuRUOMKI6Vx5mWxfzK29yGamo-yyxPFRFVlSAEDAsQjq7-CBoKCggIARIEZAn_18ww&sa=X&ved=0ahUKEwiF3-LQhfjfAhXPx1kKHZNhCBAQwg4IKygA&biw=1920&bih=938#imgrc=g-LcJ_Pb_7JSrM:,1.29,1.29,N/A,1/18/2019,Album,0,N/A
Future Hndrxx Presents: The Wizrd,5,Temptation,Future,Future,2:47,4,Rap,https://www.google.com/search?q=Future&tbm=isch&tbs=simg:CAQSmQEJA83DI4heqcAajQELEKjU2AQaBggVCAAICAwLELCMpwgaYgpgCAMSKLMO4RbiFq0RoBmfGfgL8Av3C-0LpDrzJLIt0z3xJM4t0j3UPfsthDgaMKiVMmrs_1yxnRLzNqINfJyMa2zQFbIfuRUOMKI6Vx5mWxfzK29yGamo-yyxPFRFVlSAEDAsQjq7-CBoKCggIARIEZAn_18ww&sa=X&ved=0ahUKEwiF3-LQhfjfAhXPx1kKHZNhCBAQwg4IKygA&biw=1920&bih=938#imgrc=g-LcJ_Pb_7JSrM:,1.29,1.29,N/A,1/18/2019,Album,0,N/A
Future Hndrxx Presents: The Wizrd,5,Crushed Up,Future,Future,2:29,5,Rap,https://www.google.com/search?q=Future&tbm=isch&tbs=simg:CAQSmQEJA83DI4heqcAajQELEKjU2AQaBggVCAAICAwLELCMpwgaYgpgCAMSKLMO4RbiFq0RoBmfGfgL8Av3C-0LpDrzJLIt0z3xJM4t0j3UPfsthDgaMKiVMmrs_1yxnRLzNqINfJyMa2zQFbIfuRUOMKI6Vx5mWxfzK29yGamo-yyxPFRFVlSAEDAsQjq7-CBoKCggIARIEZAn_18ww&sa=X&ved=0ahUKEwiF3-LQhfjfAhXPx1kKHZNhCBAQwg4IKygA&biw=1920&bih=938#imgrc=g-LcJ_Pb_7JSrM:,1.29,1.29,N/A,1/4/2019,Album,0,N/A
Divide,6,Eraser,Ed Sheeran,Ed Sheeran - Johnny McDaid ,3:47,1,Pop,https://www.google.com/search?q=divide+amazon+ed+sheeran&source=lnms&tbm=isch&sa=X&ved=0ahUKEwjGxaC9qvjfAhWpd98KHU0gC20Q_AUIECgD&biw=1280&bih=579#imgrc=CPgx-3OqRcUObM:,1.29,1.29,N/A,3/3/2017,Album,0,N/A
Divide,6,Castle on the Hill,Ed Sheeran,Ed Sheeran,4:21,2,Pop,https://www.google.com/search?q=divide+amazon+ed+sheeran&source=lnms&tbm=isch&sa=X&ved=0ahUKEwjGxaC9qvjfAhWpd98KHU0gC20Q_AUIECgD&biw=1280&bih=579#imgrc=CPgx-3OqRcUObM:,1.29,1.29,N/A,3/3/2017,Album,0,N/A
Divide,6,Dive,Ed Sheeran,Ed Sheeran,3:58,3,Pop,https://www.google.com/search?q=divide+amazon+ed+sheeran&source=lnms&tbm=isch&sa=X&ved=0ahUKEwjGxaC9qvjfAhWpd98KHU0gC20Q_AUIECgD&biw=1280&bih=579#imgrc=CPgx-3OqRcUObM:,1.29,1.29,N/A,3/3/2017,Album,0,N/A
Divide,6,Shape of You,Ed Sheeran,Ed Sheeran-Steve Mac-Johnny McDaid-Kandi Burruss-Tameka Cottle-Kevin Briggs,3:53,4,Pop,https://www.google.com/search?q=divide+amazon+ed+sheeran&source=lnms&tbm=isch&sa=X&ved=0ahUKEwjGxaC9qvjfAhWpd98KHU0gC20Q_AUIECgD&biw=1280&bih=579#imgrc=CPgx-3OqRcUObM:,1.29,1.29,N/A,3/3/2017,Album,0,N/A
Divide,6,Perfect,Ed Sheeran,Ed Sheeran,4:23,5,Pop,https://www.google.com/search?q=divide+amazon+ed+sheeran&source=lnms&tbm=isch&sa=X&ved=0ahUKEwjGxaC9qvjfAhWpd98KHU0gC20Q_AUIECgD&biw=1280&bih=579#imgrc=CPgx-3OqRcUObM:,1.29,1.29,N/A,3/3/2017,Album,0,N/A
Origins,7,Natural,Imagine Dragons,Mattias Larsson - Dan Reynolds - Ben McKee - Justin Drew Tranter - Daniel Platzman -  Wayne Sermon - Robin Fredriksson,3:09,1,Alternative Rock,https://www.google.com/search?q=imagine+dragons+origins+album&tbm=isch&tbs=simg:CAQSlwEJ2e0qZ11mKOoaiwELEKjU2AQaBAgVCAQMCxCwjKcIGmIKYAgDEiicCeELnQmJF-ALmQniC4cM2gOIF_18o6yGAKYUp8iihKfwotimKKdkhGjD-C3mS2yjm60qDgujT-8WKzONZpkxQsQ_1qEVwsKMUNvX6dCM5_1M8sI8DOIQ3bEWv8gBAwLEI6u_1ggaCgoICAESBG9xeOkM&sa=X&ved=0ahUKEwikltvRiPjfAhWs6oMKHbiaCkoQwg4IKygA&biw=696&bih=879#imgrc=_CkZXcy9Ufd5PM:,1.29,1.29,N/A,11/9/2018,Album,0,N/A
Origins,7,Boomerang,Imagine Dragons,Reynolds -  McKee -  Sermon -  Platzman -  Jorgen Odegard,3:07,2,Alternative Rock,https://www.google.com/search?q=imagine+dragons+origins+album&tbm=isch&tbs=simg:CAQSlwEJ2e0qZ11mKOoaiwELEKjU2AQaBAgVCAQMCxCwjKcIGmIKYAgDEiicCeELnQmJF-ALmQniC4cM2gOIF_18o6yGAKYUp8iihKfwotimKKdkhGjD-C3mS2yjm60qDgujT-8WKzONZpkxQsQ_1qEVwsKMUNvX6dCM5_1M8sI8DOIQ3bEWv8gBAwLEI6u_1ggaCgoICAESBG9xeOkM&sa=X&ved=0ahUKEwikltvRiPjfAhWs6oMKHbiaCkoQwg4IKygA&biw=696&bih=879#imgrc=_CkZXcy9Ufd5PM:,1.29,1.29,N/A,11/9/2018,Album,0,N/A
Origins,7,Machine,Imagine Dragons,Reynolds -  McKee -  Sermon -  Platzman - Alex Da Kid,3:01,3,Alternative Rock,https://www.google.com/search?q=imagine+dragons+origins+album&tbm=isch&tbs=simg:CAQSlwEJ2e0qZ11mKOoaiwELEKjU2AQaBAgVCAQMCxCwjKcIGmIKYAgDEiicCeELnQmJF-ALmQniC4cM2gOIF_18o6yGAKYUp8iihKfwotimKKdkhGjD-C3mS2yjm60qDgujT-8WKzONZpkxQsQ_1qEVwsKMUNvX6dCM5_1M8sI8DOIQ3bEWv8gBAwLEI6u_1ggaCgoICAESBG9xeOkM&sa=X&ved=0ahUKEwikltvRiPjfAhWs6oMKHbiaCkoQwg4IKygA&biw=696&bih=879#imgrc=_CkZXcy9Ufd5PM:,1.29,1.29,N/A,11/9/2018,Album,0,N/A
Origins,7,Cool Out,Imagine Dragons,Reynolds -  McKee -  Sermon -  Platzman - Timothy Randolph,3:37,4,Alternative Rock,https://www.google.com/search?q=imagine+dragons+origins+album&tbm=isch&tbs=simg:CAQSlwEJ2e0qZ11mKOoaiwELEKjU2AQaBAgVCAQMCxCwjKcIGmIKYAgDEiicCeELnQmJF-ALmQniC4cM2gOIF_18o6yGAKYUp8iihKfwotimKKdkhGjD-C3mS2yjm60qDgujT-8WKzONZpkxQsQ_1qEVwsKMUNvX6dCM5_1M8sI8DOIQ3bEWv8gBAwLEI6u_1ggaCgoICAESBG9xeOkM&sa=X&ved=0ahUKEwikltvRiPjfAhWs6oMKHbiaCkoQwg4IKygA&biw=696&bih=879#imgrc=_CkZXcy9Ufd5PM:,1.29,1.29,N/A,11/9/2018,Album,0,N/A
Origins,7,Bad Liar,Imagine Dragons,Reynolds -  McKee -  Sermon -  Platzman - Aja Volkman,4:20,5,Alternative Rock,https://www.google.com/search?q=imagine+dragons+origins+album&tbm=isch&tbs=simg:CAQSlwEJ2e0qZ11mKOoaiwELEKjU2AQaBAgVCAQMCxCwjKcIGmIKYAgDEiicCeELnQmJF-ALmQniC4cM2gOIF_18o6yGAKYUp8iihKfwotimKKdkhGjD-C3mS2yjm60qDgujT-8WKzONZpkxQsQ_1qEVwsKMUNvX6dCM5_1M8sI8DOIQ3bEWv8gBAwLEI6u_1ggaCgoICAESBG9xeOkM&sa=X&ved=0ahUKEwikltvRiPjfAhWs6oMKHbiaCkoQwg4IKygA&biw=696&bih=879#imgrc=_CkZXcy9Ufd5PM:,1.29,1.29,N/A,11/9/2018,Album,0,N/A
songs for carmella: lullabies & sing-a-longs,8,You Are My Sunshine,Christina Perri,Jimmie Davis - Charles Mitchell,1:22,1,Children's Music,https://www.google.com/search?q=Christina+Perri&tbm=isch&tbs=simg:CAQSmAEJSRQZo6dJe5sajAELEKjU2AQaBggVCAMICgwLELCMpwgaYQpfCAMSJ9cH4QKxARDTB5kSph2PEokI_1gXvNLAnsyfxNLo15yv8PfA0-TTBIRow68Snnmb9o0kg6SVQfbTNnxAJc5ybvEdewmCJrchEhmETxFQM4Qa_10-avMi6YaYMbIAQMCxCOrv4IGgoKCAgBEgQhF0RUDA&sa=X&ved=0ahUKEwi8uMPbp_jfAhVFn-AKHSCOA2wQwg4IKygA&biw=1280&bih=579#imgrc=WhsJXNvlmgIToM:,1.29,1.29,N/A,1/17/2019,Album,0,N/A
songs for carmella: lullabies & sing-a-longs,8,Til There Was You,Christina Perri,Meredith Wilson,2:07,2,Children's Music,https://www.google.com/search?q=Christina+Perri&tbm=isch&tbs=simg:CAQSmAEJSRQZo6dJe5sajAELEKjU2AQaBggVCAMICgwLELCMpwgaYQpfCAMSJ9cH4QKxARDTB5kSph2PEokI_1gXvNLAnsyfxNLo15yv8PfA0-TTBIRow68Snnmb9o0kg6SVQfbTNnxAJc5ybvEdewmCJrchEhmETxFQM4Qa_10-avMi6YaYMbIAQMCxCOrv4IGgoKCAgBEgQhF0RUDA&sa=X&ved=0ahUKEwi8uMPbp_jfAhVFn-AKHSCOA2wQwg4IKygA&biw=1280&bih=579#imgrc=WhsJXNvlmgIToM:,1.29,1.29,N/A,1/17/2019,Album,0,N/A
songs for carmella: lullabies & sing-a-longs,8,You Mean The Whole Wide World To Me,Christina Perri,David Hodges - Christina Perri,1:49,3,Children's Music,https://www.google.com/search?q=Christina+Perri&tbm=isch&tbs=simg:CAQSmAEJSRQZo6dJe5sajAELEKjU2AQaBggVCAMICgwLELCMpwgaYQpfCAMSJ9cH4QKxARDTB5kSph2PEokI_1gXvNLAnsyfxNLo15yv8PfA0-TTBIRow68Snnmb9o0kg6SVQfbTNnxAJc5ybvEdewmCJrchEhmETxFQM4Qa_10-avMi6YaYMbIAQMCxCOrv4IGgoKCAgBEgQhF0RUDA&sa=X&ved=0ahUKEwi8uMPbp_jfAhVFn-AKHSCOA2wQwg4IKygA&biw=1280&bih=579#imgrc=WhsJXNvlmgIToM:,1.29,1.29,N/A,1/17/2019,Album,0,N/A
songs for carmella: lullabies & sing-a-longs,8,A Dream Is A Wish Your Heart Makes,Christina Perri,Al Hoffman - Jerry Livingston - Mack David,2:05,4,Children's Music,https://www.google.com/search?q=Christina+Perri&tbm=isch&tbs=simg:CAQSmAEJSRQZo6dJe5sajAELEKjU2AQaBggVCAMICgwLELCMpwgaYQpfCAMSJ9cH4QKxARDTB5kSph2PEokI_1gXvNLAnsyfxNLo15yv8PfA0-TTBIRow68Snnmb9o0kg6SVQfbTNnxAJc5ybvEdewmCJrchEhmETxFQM4Qa_10-avMi6YaYMbIAQMCxCOrv4IGgoKCAgBEgQhF0RUDA&sa=X&ved=0ahUKEwi8uMPbp_jfAhVFn-AKHSCOA2wQwg4IKygA&biw=1280&bih=579#imgrc=WhsJXNvlmgIToM:,1.29,1.29,N/A,1/17/2019,Album,0,N/A
songs for carmella: lullabies & sing-a-longs,8,Tonight You Belong to Me,Christina Perri (feat. Paul & Carmella Costabile),Billy Rose - Lee David,1:26,5,Children's Music,https://www.google.com/search?q=Christina+Perri&tbm=isch&tbs=simg:CAQSmAEJSRQZo6dJe5sajAELEKjU2AQaBggVCAMICgwLELCMpwgaYQpfCAMSJ9cH4QKxARDTB5kSph2PEokI_1gXvNLAnsyfxNLo15yv8PfA0-TTBIRow68Snnmb9o0kg6SVQfbTNnxAJc5ybvEdewmCJrchEhmETxFQM4Qa_10-avMi6YaYMbIAQMCxCOrv4IGgoKCAgBEgQhF0RUDA&sa=X&ved=0ahUKEwi8uMPbp_jfAhVFn-AKHSCOA2wQwg4IKygA&biw=1280&bih=579#imgrc=WhsJXNvlmgIToM:,1.29,1.29,N/A,1/17/2019,Album,0,N/A
A Real Good Kid [Explicit],9,January 11th 2017 [Explicit], Mike Posner,Pete Kuzma -  Adam Friedman - Mike Posner,3:07,1,Alternative Rock,https://www.google.com/search?q=A+Real+Good+Kid&source=lnms&tbm=isch&sa=X&ved=0ahUKEwipvtWvqvjfAhXqRt8KHSWDDNwQ_AUIDigB&biw=1280&bih=579#imgrc=zrWCicqCSsPNfM:,1.29,1.29,N/A,1/18/2019,Album,0,N/A
A Real Good Kid [Explicit],9,Wide Open [Explicit],Mike Posner,Jean Marc Belkadi - Adam Friedman - Timothy James Bowen - Mike Posner,2:49,2,Alternative Rock,https://www.google.com/search?q=A+Real+Good+Kid&source=lnms&tbm=isch&sa=X&ved=0ahUKEwipvtWvqvjfAhXqRt8KHSWDDNwQ_AUIDigB&biw=1280&bih=579#imgrc=zrWCicqCSsPNfM:,1.29,1.29,N/A,1/18/2019,Album,0,N/A
A Real Good Kid [Explicit],9,Song About You,Mike Posner,Mike Posner - Eric Frederic - Dan Wilson,3:10,3,Alternative Rock,https://www.google.com/search?q=A+Real+Good+Kid&source=lnms&tbm=isch&sa=X&ved=0ahUKEwipvtWvqvjfAhXqRt8KHSWDDNwQ_AUIDigB&biw=1280&bih=579#imgrc=zrWCicqCSsPNfM:,1.29,1.29,N/A,1/18/2019,Album,0,N/A
A Real Good Kid [Explicit],9,Move On,Mike Posner,Nate Mercereau - Mike Posner - Eric Frederic - Dan Wilson - Adam Friedman,2:58,4,Alternative Rock,https://www.google.com/search?q=A+Real+Good+Kid&source=lnms&tbm=isch&sa=X&ved=0ahUKEwipvtWvqvjfAhXqRt8KHSWDDNwQ_AUIDigB&biw=1280&bih=579#imgrc=zrWCicqCSsPNfM:,1.29,1.29,N/A,1/18/2019,Album,0,N/A
A Real Good Kid [Explicit],9,Drip [Explicit],Mike Posner,James Valentine - Mike Posner,5:25,5,Alternative Rock,https://www.google.com/search?q=A+Real+Good+Kid&source=lnms&tbm=isch&sa=X&ved=0ahUKEwipvtWvqvjfAhXqRt8KHSWDDNwQ_AUIDigB&biw=1280&bih=579#imgrc=zrWCicqCSsPNfM:,1.29,1.29,N/A,1/18/2019,Album,0,N/A
Heard It In A Past Life [Explicit],10,Give A Little,Maggie Rogers,Greg Kurstin - Maggie Rogers,3:46,1,Alternative Rock,https://www.google.com/search?q=maggie+rogers+heard+it+in+a+past+life&tbm=isch&tbs=simg:CAQSmwEJW2a2CQRJl3QajwELEKjU2AQaCAhDCBUIAQgJDAsQsIynCBpiCmAIAxIotg61DsYB7BzFAcQBzhGYC80BoB79LZ0uni71LJsujiShN6E66zfpJBowaYNC6Icg4hEYOJz16fOqA_11aZEtRIgszhvtp_1Gn87SgZQ-s3UdY87z6C9I_160FRkIAQMCxCOrv4IGgoKCAgBEgQTJjHFDA&sa=X&ved=0ahUKEwjS7YD5rPjfAhUJmuAKHRcXAeAQwg4IKygA&biw=1280&bih=579#imgrc=B7c-MrkC9Pp1fM:,1.29,1.29,N/A,1/18/2019,Album,0,N/A
Heard It In A Past Life [Explicit],10,Overnight,Maggie Rogers,Greg Kurstin - Maggie Rogers,3:20,2,Alternative Rock,https://www.google.com/search?q=maggie+rogers+heard+it+in+a+past+life&tbm=isch&tbs=simg:CAQSmwEJW2a2CQRJl3QajwELEKjU2AQaCAhDCBUIAQgJDAsQsIynCBpiCmAIAxIotg61DsYB7BzFAcQBzhGYC80BoB79LZ0uni71LJsujiShN6E66zfpJBowaYNC6Icg4hEYOJz16fOqA_11aZEtRIgszhvtp_1Gn87SgZQ-s3UdY87z6C9I_160FRkIAQMCxCOrv4IGgoKCAgBEgQTJjHFDA&sa=X&ved=0ahUKEwjS7YD5rPjfAhUJmuAKHRcXAeAQwg4IKygA&biw=1280&bih=579#imgrc=B7c-MrkC9Pp1fM:,1.29,1.29,N/A,1/18/2019,Album,0,N/A
Heard It In A Past Life [Explicit],10,The Knife,Maggie Rogers,Greg Kurstin - Maggie Rogers,3:59,3,Alternative Rock,https://www.google.com/search?q=maggie+rogers+heard+it+in+a+past+life&tbm=isch&tbs=simg:CAQSmwEJW2a2CQRJl3QajwELEKjU2AQaCAhDCBUIAQgJDAsQsIynCBpiCmAIAxIotg61DsYB7BzFAcQBzhGYC80BoB79LZ0uni71LJsujiShN6E66zfpJBowaYNC6Icg4hEYOJz16fOqA_11aZEtRIgszhvtp_1Gn87SgZQ-s3UdY87z6C9I_160FRkIAQMCxCOrv4IGgoKCAgBEgQTJjHFDA&sa=X&ved=0ahUKEwjS7YD5rPjfAhUJmuAKHRcXAeAQwg4IKygA&biw=1280&bih=579#imgrc=B7c-MrkC9Pp1fM:,1.29,1.29,N/A,1/18/2019,Album,0,N/A
Heard It In A Past Life [Explicit],10,Alaska,Maggie Rogers,Doug Schadt - Maggie Rogers,3:08,4,Alternative Rock,https://www.google.com/search?q=maggie+rogers+heard+it+in+a+past+life&tbm=isch&tbs=simg:CAQSmwEJW2a2CQRJl3QajwELEKjU2AQaCAhDCBUIAQgJDAsQsIynCBpiCmAIAxIotg61DsYB7BzFAcQBzhGYC80BoB79LZ0uni71LJsujiShN6E66zfpJBowaYNC6Icg4hEYOJz16fOqA_11aZEtRIgszhvtp_1Gn87SgZQ-s3UdY87z6C9I_160FRkIAQMCxCOrv4IGgoKCAgBEgQTJjHFDA&sa=X&ved=0ahUKEwjS7YD5rPjfAhUJmuAKHRcXAeAQwg4IKygA&biw=1280&bih=579#imgrc=B7c-MrkC9Pp1fM:,1.29,1.29,N/A,1/18/2019,Album,0,N/A
Heard It In A Past Life [Explicit],10,Light On,Maggie Rogers,Kid Harpoon - Maggie Rogers,3:53,5,Alternative Rock,https://www.google.com/search?q=maggie+rogers+heard+it+in+a+past+life&tbm=isch&tbs=simg:CAQSmwEJW2a2CQRJl3QajwELEKjU2AQaCAhDCBUIAQgJDAsQsIynCBpiCmAIAxIotg61DsYB7BzFAcQBzhGYC80BoB79LZ0uni71LJsujiShN6E66zfpJBowaYNC6Icg4hEYOJz16fOqA_11aZEtRIgszhvtp_1Gn87SgZQ-s3UdY87z6C9I_160FRkIAQMCxCOrv4IGgoKCAgBEgQTJjHFDA&sa=X&ved=0ahUKEwjS7YD5rPjfAhUJmuAKHRcXAeAQwg4IKygA&biw=1280&bih=579#imgrc=B7c-MrkC9Pp1fM:,1.29,1.29,N/A,1/18/2019,Album,0,N/A
Dirty Computer,11,Dirty Computer,Janelle Monáe,Janelle Monáe Robinson - Nathaniel Irvin III,1:59,1,Pop,https://en.wikipedia.org/wiki/Dirty_Computer#/media/File:DirtyComputer.png,1.29,1.29,N/A,1/20/2019,Album,0,N/A
Dirty Computer,11,Crazy - Classic - Life,Janelle Monáe,Robinson - Irvin III - Charles Joseph II,4:46,2,Pop,https://en.wikipedia.org/wiki/Dirty_Computer#/media/File:DirtyComputer.png,1.29,1.29,N/A,1/20/2019,Album,0,N/A
Dirty Computer,11,Take a Byte,Janelle Monáe,Robinson - Irvin III - John M. Webb Jr. - Nana Kwabena Tuffuor - Kellis Parker Jr.,4:07,3,Pop,https://en.wikipedia.org/wiki/Dirty_Computer#/media/File:DirtyComputer.png,1.29,1.29,N/A,1/20/2019,Album,0,N/A
Dirty Computer,11,Jane's Dream,Janelle Monáe,Jon Brion,0:18,4,Pop,https://en.wikipedia.org/wiki/Dirty_Computer#/media/File:DirtyComputer.png,1.29,1.29,N/A,1/20/2019,Album,0,N/A
Dirty Computer,11,Screwed,Janelle Monáe,Robinson - Irvin III - Roman GianArthur Irvin - Joseph II - Benjamin Hudson Mcildowie,5:02,5,Pop,https://en.wikipedia.org/wiki/Dirty_Computer#/media/File:DirtyComputer.png,1.29,1.29,N/A,1/20/2019,Album,0,N/A
Dirty Computer,11,Django Jane,Janelle Monáe,Robinson - Irvin III - Tuffuor,3:10,6,Pop,https://en.wikipedia.org/wiki/Dirty_Computer#/media/File:DirtyComputer.png,1.29,1.29,N/A,1/20/2019,Album,0,N/A
Dirty Computer,11,Pynk,Janelle Monáe,Robinson - Joseph II - Irvin III - Wynne Bennett - Taylor Parks,4:00,7,Pop,https://en.wikipedia.org/wiki/Dirty_Computer#/media/File:DirtyComputer.png,1.29,1.29,N/A,1/20/2019,Album,0,N/A
Dirty Computer,11,Make Me Feel,Janelle Monáe,Robinson - Mattias Larsson - Robin Fredriksson - Justin Tranter - Julia Michaels,3:14,8,Pop,https://en.wikipedia.org/wiki/Dirty_Computer#/media/File:DirtyComputer.png,1.29,1.29,N/A,1/20/2019,Album,0,N/A
Dirty Computer,11,I Got the Juice,Janelle Monáe,Robinson - Irvin III - Irvin - Tuffuor - Parks - Pharrell Williams - Joshua Dean,3:46,9,Pop,https://en.wikipedia.org/wiki/Dirty_Computer#/media/File:DirtyComputer.png,1.29,1.29,N/A,1/20/2019,Album,0,N/A
Dirty Computer,11,I Like That,Janelle Monáe,Robinson - Rico Wade - Patrick L. Brown - Ray Murray - Irvin III Parks,3:20,10,Pop,https://en.wikipedia.org/wiki/Dirty_Computer#/media/File:DirtyComputer.png,1.29,1.29,N/A,1/20/2019,Album,0,N/A
Dirty Computer,11,Don't Judge Me,Janelle Monáe,Robinson - Irvin III - Irvin - Parks - Dean,6:00,11,Pop,https://en.wikipedia.org/wiki/Dirty_Computer#/media/File:DirtyComputer.png,1.29,1.29,N/A,1/20/2019,Album,0,N/A
Dirty Computer,11,Stevie's Dream,Janelle Monáe,Irvin III - Irvin,0:46,12,Pop,https://en.wikipedia.org/wiki/Dirty_Computer#/media/File:DirtyComputer.png,1.29,1.29,N/A,1/20/2019,Album,0,N/A
Dirty Computer,11,So Afraid,Janelle Monáe,Robinson - Irvin III,4:04,13,Pop,https://en.wikipedia.org/wiki/Dirty_Computer#/media/File:DirtyComputer.png,1.29,1.29,N/A,1/20/2019,Album,0,N/A
Dirty Computer,11,Americans,Janelle Monáe,Robinson - Irvin III - Webb Jr. - Joseph II Parker Jr.,4:06,14,Pop,https://en.wikipedia.org/wiki/Dirty_Computer#/media/File:DirtyComputer.png,1.29,1.29,N/A,1/20/2019,Album,0,N/A
Camila,12,Never Be the Same,Camila Cabello,Camila Cabello - Adam Feeney - Leo Rami Dawod - Jacob Ludwig Olofsson - Noonie Bao - Sasha Yatchenko,3:46,1,R&B,https://en.wikipedia.org/wiki/Camila_(album)#/media/File:Camila_(Official_Album_Cover)_by_Camila_Cabello.png,1.29,1.29,N/A,1/20/2019,Album,0,N/A
Camila,12,All These Years,Camila Cabello,Cabello - Feeney - Kaan Gunesberk - Jeff Gitelman - Mustafa Ahmed,2:44,2,R&B,https://en.wikipedia.org/wiki/Camila_(album)#/media/File:Camila_(Official_Album_Cover)_by_Camila_Cabello.png,1.29,1.29,N/A,1/20/2019,Album,0,N/A
Camila,12,She Loves Control,Camila Cabello,Cabello - Sonny John Moore - Feeney - Bell - Ilsey Juber - Ahmed,2:57,3,R&B,https://en.wikipedia.org/wiki/Camila_(album)#/media/File:Camila_(Official_Album_Cover)_by_Camila_Cabello.png,1.29,1.29,N/A,1/20/2019,Album,0,N/A
Camila,12,Havana (featuring Young Thug),,Cabello - Jeffrey Williams - Feeney - Brittany Hazzard - Ali Tamposi - Brian Lee - Andrew Watt - Pharrell Williams - Bell - Gunesberk,3:37,4,R&B,https://en.wikipedia.org/wiki/Camila_(album)#/media/File:Camila_(Official_Album_Cover)_by_Camila_Cabello.png,1.29,1.29,N/A,1/20/2019,Album,0,N/A
Camila,12,Inside Out,Camila Cabello,Cabello - Hazzard - Feeney - Tyler Williams - Gunesberk,3:02,5,R&B,https://en.wikipedia.org/wiki/Camila_(album)#/media/File:Camila_(Official_Album_Cover)_by_Camila_Cabello.png,1.29,1.29,N/A,1/20/2019,Album,0,N/A
Camila,12,Consequences,Camila Cabello,Cabello - Amy Wadge - Nicolle Galyon - Emily Weisband,2:58,6,R&B,https://en.wikipedia.org/wiki/Camila_(album)#/media/File:Camila_(Official_Album_Cover)_by_Camila_Cabello.png,1.29,1.29,N/A,1/20/2019,Album,0,N/A
Camila,12,Real Friends,Camila Cabello,Cabello - Feeney - William Walsh - Bell - Lee,3:34,7,R&B,https://en.wikipedia.org/wiki/Camila_(album)#/media/File:Camila_(Official_Album_Cover)_by_Camila_Cabello.png,1.29,1.29,N/A,1/20/2019,Album,0,N/A
Camila,12,Something's Gotta Give,Camila Cabello,Cabello - Alex Schwartz - Joe Khajadourian - Sarah Hudson - James Abrahart - Jesse Saint John,3:56,8,R&B,https://en.wikipedia.org/wiki/Camila_(album)#/media/File:Camila_(Official_Album_Cover)_by_Camila_Cabello.png,1.29,1.29,N/A,1/20/2019,Album,0,N/A
Camila,12,In the Dark,Camila Cabello,Cabello - Feeney - Te Whiti Warbrick - Simon Wilcox - Madison Love - Abrahart,3:39,9,R&B,https://en.wikipedia.org/wiki/Camila_(album)#/media/File:Camila_(Official_Album_Cover)_by_Camila_Cabello.png,1.29,1.29,N/A,1/20/2019,Album,0,N/A
Camila,12,Into It,Camila Cabello,Cabello - Feeney - Bell - Gunesberk - Ryan Tedder - Justin Tranter,2:55,10,R&B,https://en.wikipedia.org/wiki/Camila_(album)#/media/File:Camila_(Official_Album_Cover)_by_Camila_Cabello.png,1.29,1.29,N/A,1/20/2019,Album,0,N/A
Camila,12,The Ringer,Camila Cabello,Camila Cabello- Adam Feeney - Leo Rami Dawod - Jacob Ludwig Olofsson - Noonie Bao - Sasha Yatchenko,3:47,11,R&B,https://en.wikipedia.org/wiki/Camila_(album)#/media/File:Camila_(Official_Album_Cover)_by_Camila_Cabello.png,1.29,1.29,N/A,1/20/2019,Album,0,N/A
Kamikaze,13,Greatest,Eminem,Ray Fraser - Matthew Jacobson - Katorah Marrero -Marshall Mathers - Luis Resto - Ronald Spence Jr.,5:37,1,Hip-Hop,https://upload.wikimedia.org/wikipedia/en/6/62/Eminem_-_Kamikaze.jpg,1.29,1.29,N/A,1/21/2019,Album,0,N/A
Kamikaze,13,Lucky You,Eminem,Jordan Carter - Kendrick Duckworth - Asheton Hogan - Jordan Jenks - Mathers - Jeremy Miller - Anthony Tiffith - Michael Williams II - Symere Woods,3:46,2,Hip-Hop,https://upload.wikimedia.org/wikipedia/en/6/62/Eminem_-_Kamikaze.jpg,1.29,1.29,N/A,1/21/2019,Album,0,N/A
Kamikaze,13,Paul,Eminem,Paul Rosenberg,0:35,4,Hip-Hop,https://upload.wikimedia.org/wikipedia/en/6/62/Eminem_-_Kamikaze.jpg,1.29,1.29,N/A,1/21/2019,Album,0,N/A
Kamikaze,13,Normal,Eminem,Erik Bodin - Fraser Larry Griffin Jr. - Mathers Yukimi - Nagano Maurice - Nichols R. Sheldon - Fredrik Wallinhaykan - Wirenstrand,3:42,5,Hip-Hop,https://upload.wikimedia.org/wikipedia/en/6/62/Eminem_-_Kamikaze.jpg,1.29,1.29,N/A,1/21/2019,Album,0,N/A
Kamikaze,13,Em Calls Paul,Eminem,Mathers,0:49,6,Hip-Hop,https://upload.wikimedia.org/wikipedia/en/6/62/Eminem_-_Kamikaze.jpg,1.29,1.29,N/A,1/21/2019,Album,0,N/A
Kamikaze,13,Not Alike,Eminem,Mathers Luis Resto - Mario Resto,5:09,7,Hip-Hop,https://upload.wikimedia.org/wikipedia/en/6/62/Eminem_-_Kamikaze.jpg,1.29,1.29,N/A,1/21/2019,Album,0,N/A
Kamikaze,13,Kamikaze,Eminem,Marshall Mathers - Brytavious Chambers - Ronald Spence Jr - Ryan Montgomery,4:48,8,Hip-Hop,https://upload.wikimedia.org/wikipedia/en/6/62/Eminem_-_Kamikaze.jpg,1.29,1.29,N/A,1/21/2019,Album,0,N/A
Kamikaze,13,Fall,Eminem,Bobby Ervin - Mathers Dwayne Simon - James Smith - Timothy Suby,3:36,9,Hip-Hop,https://upload.wikimedia.org/wikipedia/en/6/62/Eminem_-_Kamikaze.jpg,1.29,1.29,N/A,1/21/2019,Album,0,N/A
Kamikaze,13,Nice Guy,Eminem,B. J. Burton - Mathers L. Resto - Justin Vernon Williams,4:22,10,Hip-Hop,https://upload.wikimedia.org/wikipedia/en/6/62/Eminem_-_Kamikaze.jpg,1.29,1.29,N/A,1/21/2019,Album,0,N/A
Kamikaze,13,Good Guy,Eminem,Fred BallL Griffin Jr. - Mathers L. Resto - Jessica Reyez,2:30,11,Hip-Hop,https://upload.wikimedia.org/wikipedia/en/6/62/Eminem_-_Kamikaze.jpg,1.29,1.29,N/A,1/21/2019,Album,0,N/A
Kamikaze,13,Venom,Eminem,Norio Aono Fraser - Lisa Gomamoto - Mathers - Reyez - Yutaka Yamada,2:22,12,Hip-Hop,https://upload.wikimedia.org/wikipedia/en/6/62/Eminem_-_Kamikaze.jpg,1.29,1.29,N/A,1/21/2019,Album,0,N/A
Kamikaze,13,Never Be the Same,Eminem,Mathers - Luis Resto - Mario Resto,4:29,13,Hip-Hop,https://upload.wikimedia.org/wikipedia/en/6/62/Eminem_-_Kamikaze.jpg,1.29,1.29,N/A,1/21/2019,Album,0,N/A
Live in Texas,14,Somewhere I Belong,Linkin Park,Linkin Park,3:37,1,Rap,https://upload.wikimedia.org/wikipedia/en/a/a2/LP-LiveInTexas.jpg,1.29,1.29,N/A,1/21/2019,Album,0,N/A
Live in Texas,14,Lying from You,Linkin Park,Linkin Park,3:07,2,Rap,https://upload.wikimedia.org/wikipedia/en/a/a2/LP-LiveInTexas.jpg,1.29,1.29,N/A,1/21/2019,Album,0,N/A
Live in Texas,14,Papercut,Linkin Park,Linkin Park,3:06,3,Rap,https://upload.wikimedia.org/wikipedia/en/a/a2/LP-LiveInTexas.jpg,1.29,1.29,N/A,1/21/2019,Album,0,N/A
Live in Texas,14,Points of Authority,Linkin Park,Linkin Park,3:25,4,Rap,https://upload.wikimedia.org/wikipedia/en/a/a2/LP-LiveInTexas.jpg,1.29,1.29,N/A,1/21/2019,Album,0,N/A
Live in Texas,14,Runaway,Linkin Park,Linkin Park,3:06,5,Rap,https://upload.wikimedia.org/wikipedia/en/a/a2/LP-LiveInTexas.jpg,1.29,1.29,N/A,1/21/2019,Album,0,N/A
Live in Texas,14,Faint,Linkin Park,Linkin Park,2:47,6,Rap,https://upload.wikimedia.org/wikipedia/en/a/a2/LP-LiveInTexas.jpg,1.29,1.29,N/A,1/21/2019,Album,0,N/A
Live in Texas,14,From the Inside,Linkin Park,Linkin Park,3:00,7,Rap,https://upload.wikimedia.org/wikipedia/en/a/a2/LP-LiveInTexas.jpg,1.29,1.29,N/A,1/21/2019,Album,0,N/A
Live in Texas,14,P5hng Me A*wy,Linkin Park,Linkin Park,5:05,8,Rap,https://upload.wikimedia.org/wikipedia/en/a/a2/LP-LiveInTexas.jpg,1.29,1.29,N/A,1/21/2019,Album,0,N/A
Live in Texas,14,Numb,Linkin Park,Linkin Park,3:06,9,Rap,https://upload.wikimedia.org/wikipedia/en/a/a2/LP-LiveInTexas.jpg,1.29,1.29,N/A,1/21/2019,Album,0,N/A
Live in Texas,14,Crawling,Linkin Park,Linkin Park,3:33,10,Rap,https://upload.wikimedia.org/wikipedia/en/a/a2/LP-LiveInTexas.jpg,1.29,1.29,N/A,1/21/2019,Album,0,N/A
Live in Texas,14,In the End,Linkin Park,Linkin Park,3:31,11,Rap,https://upload.wikimedia.org/wikipedia/en/a/a2/LP-LiveInTexas.jpg,1.29,1.29,N/A,1/21/2019,Album,0,N/A
Live in Texas,14,One Step Closer,Linkin Park,Linkin Park,4:13,12,Rap,https://upload.wikimedia.org/wikipedia/en/a/a2/LP-LiveInTexas.jpg,1.29,1.29,N/A,1/21/2019,Album,0,N/A
